{
	"partitions" : [
		{
			"name" : "Top",
			"pins" : [
				{
					"name" : "ok",
					"strict" : false
				},
				{
					"name" : "fin",
					"strict" : false
				},
				{
					"name" : "estados[3]",
					"strict" : false
				},
				{
					"name" : "estados[2]",
					"strict" : false
				},
				{
					"name" : "estados[1]",
					"strict" : false
				},
				{
					"name" : "estados[0]",
					"strict" : false
				},
				{
					"name" : "digit[1]",
					"strict" : false
				},
				{
					"name" : "digit[0]",
					"strict" : false
				},
				{
					"name" : "digit[3]",
					"strict" : false
				},
				{
					"name" : "digit[2]",
					"strict" : false
				},
				{
					"name" : "clk_50",
					"strict" : false
				},
				{
					"name" : "enter",
					"strict" : false
				},
				{
					"name" : "rst",
					"strict" : false
				},
				{
					"name" : "start",
					"strict" : false
				}
			]
		}
	]
}